date,composite,score_inflation,score_growth,score_labor,score_credit,score_external,score_property,z_inflation,z_growth,z_labor,z_credit,z_external,z_property,n_series,n_lenses,temp_count,k1_ratio,composition
2026-08-05,58.7,68.4,59.6,79.2,0.4,73.1,67.7,0.774,0.39,1.34,-5.635,1.0,0.741,14,6,1,0.6321,33s6l-9ba47357
2026-08-10,54.4,68.4,59.6,79.2,0.4,44.4,67.7,0.774,0.39,1.34,-5.635,-0.227,0.741,14,6,1,0.7918,33s6l-9ba47357
2026-08-15,54.4,68.4,59.6,79.2,0.4,44.4,67.7,0.774,0.39,1.34,-5.635,-0.227,0.741,14,6,1,0.7918,33s6l-9ba47357
2026-08-17,54.7,68.4,61.4,79.2,0.4,44.4,67.7,0.774,0.465,1.34,-5.635,-0.227,0.741,14,6,1,0.7784,33s6l-9ba47357
2026-08-22,54.2,71.5,67.3,79.2,0.4,29.2,67.7,0.92,0.722,1.34,-5.635,-0.886,0.741,14,6,1,0.833,33s6l-9ba47357
2026-08-24,54.2,71.5,67.3,79.2,0.4,29.2,67.7,0.92,0.722,1.34,-5.635,-0.886,0.741,14,6,1,0.833,33s6l-9ba47357
2026-08-29,54.2,71.5,67.3,79.2,0.4,29.2,67.7,0.92,0.722,1.34,-5.635,-0.886,0.741,14,6,1,0.833,33s6l-9ba47357
2026-08-31,54.2,71.5,67.3,79.2,0.4,29.2,67.7,0.92,0.722,1.34,-5.635,-0.886,0.741,14,6,1,0.833,33s6l-9ba47357
2026-09-05,54.2,71.5,67.3,79.2,0.4,29.2,67.7,0.92,0.722,1.34,-5.635,-0.886,0.741,14,6,1,0.833,33s6l-9ba47357
2026-09-07,54.2,71.5,67.3,79.2,0.4,29.2,67.7,0.92,0.722,1.34,-5.635,-0.886,0.741,14,6,1,0.833,33s6l-9ba47357
2026-09-12,57.7,71.5,68.7,79.2,0.4,50.5,67.7,0.92,0.786,1.34,-5.635,0.021,0.741,14,6,1,0.6587,33s6l-9ba47357
2026-09-14,57.7,71.5,68.7,79.2,0.4,50.5,67.7,0.92,0.786,1.34,-5.635,0.021,0.741,14,6,1,0.6587,33s6l-9ba47357
2026-09-19,55.8,71.6,51.6,89.4,0.2,50.5,67.7,0.923,0.063,2.128,-6.451,0.021,0.741,14,6,1,0.72,33s6l-9ba47357
2026-09-21,55.8,71.6,51.6,89.4,0.2,50.5,67.7,0.923,0.063,2.128,-6.451,0.021,0.741,14,6,1,0.72,33s6l-9ba47357
2026-09-26,55.8,71.6,51.6,89.4,0.2,50.5,67.7,0.923,0.063,2.128,-6.451,0.021,0.741,14,6,1,0.72,33s6l-9ba47357
2026-09-28,55.8,71.6,51.6,89.4,0.2,50.5,67.7,0.923,0.063,2.128,-6.451,0.021,0.741,14,6,1,0.72,33s6l-9ba47357
2026-10-03,55.8,71.6,51.6,89.4,0.2,50.5,67.7,0.923,0.063,2.128,-6.451,0.021,0.741,14,6,1,0.72,33s6l-9ba47357
